------------------ Creation ------------------
Number of Items, 70000 , Size, 100 , Load Factor, 1.0 , Time, 14607
------------------ Search ------------------
Number of Items, 70000 , Size, 100 , Load Factor, 1.0 , Time, 14607 , Successful Search, 0 , Unsuccessful search, 1
Number of Items, 70000 , Size, 100 , Load Factor, 1.0 , Time, 14607 , Successful Search, 1 , Unsuccessful search, 0
Number of Items, 70000 , Size, 100 , Load Factor, 1.0 , Time, 14607 , Successful Search, 0 , Unsuccessful search, 0

------------------ Creation ------------------
Number of Items, 70000 , Size, 1100 , Load Factor, 1.0 , Time, 272
------------------ Search ------------------
Number of Items, 70000 , Size, 1100 , Load Factor, 1.0 , Time, 272 , Successful Search, 0 , Unsuccessful search, 0
Number of Items, 70000 , Size, 1100 , Load Factor, 1.0 , Time, 272 , Successful Search, 0 , Unsuccessful search, 0
Number of Items, 70000 , Size, 1100 , Load Factor, 1.0 , Time, 272 , Successful Search, 0 , Unsuccessful search, 0

------------------ Creation ------------------
Number of Items, 70000 , Size, 2100 , Load Factor, 1.0 , Time, 135
------------------ Search ------------------
Number of Items, 70000 , Size, 2100 , Load Factor, 1.0 , Time, 135 , Successful Search, 0 , Unsuccessful search, 0
Number of Items, 70000 , Size, 2100 , Load Factor, 1.0 , Time, 135 , Successful Search, 0 , Unsuccessful search, 0
Number of Items, 70000 , Size, 2100 , Load Factor, 1.0 , Time, 135 , Successful Search, 0 , Unsuccessful search, 0

------------------ Creation ------------------
Number of Items, 70000 , Size, 3100 , Load Factor, 1.0 , Time, 97
------------------ Search ------------------
Number of Items, 70000 , Size, 3100 , Load Factor, 1.0 , Time, 97 , Successful Search, 0 , Unsuccessful search, 0
Number of Items, 70000 , Size, 3100 , Load Factor, 1.0 , Time, 97 , Successful Search, 0 , Unsuccessful search, 0
Number of Items, 70000 , Size, 3100 , Load Factor, 1.0 , Time, 97 , Successful Search, 0 , Unsuccessful search, 0
^C prosperi  ~/Development/JavaProjects/DataStructures/Lab_08/Lab_08
  > java ExperimentController

------------------ Creation ------------------
Number of Items, 70000 , Size, 100 , Load Factor, 1.0 , Time, 17258
------------------ Search ------------------
Number of Items, 70000 , Size, 100 , Load Factor, 1.0 , Time, 17258 , Successful Search, 0 , Unsuccessful search, 1
Number of Items, 70000 , Size, 100 , Load Factor, 1.0 , Time, 17258 , Successful Search, 0 , Unsuccessful search, 1
Number of Items, 70000 , Size, 100 , Load Factor, 1.0 , Time, 17258 , Successful Search, 0 , Unsuccessful search, 1

------------------ Creation ------------------
Number of Items, 70000 , Size, 200 , Load Factor, 1.0 , Time, 3847
------------------ Search ------------------
Number of Items, 70000 , Size, 200 , Load Factor, 1.0 , Time, 3847 , Successful Search, 0 , Unsuccessful search, 0
Number of Items, 70000 , Size, 200 , Load Factor, 1.0 , Time, 3847 , Successful Search, 1 , Unsuccessful search, 0
Number of Items, 70000 , Size, 200 , Load Factor, 1.0 , Time, 3847 , Successful Search, 0 , Unsuccessful search, 1

------------------ Creation ------------------
Number of Items, 70000 , Size, 300 , Load Factor, 1.0 , Time, 1693
------------------ Search ------------------
Number of Items, 70000 , Size, 300 , Load Factor, 1.0 , Time, 1693 , Successful Search, 0 , Unsuccessful search, 0
Number of Items, 70000 , Size, 300 , Load Factor, 1.0 , Time, 1693 , Successful Search, 0 , Unsuccessful search, 0
Number of Items, 70000 , Size, 300 , Load Factor, 1.0 , Time, 1693 , Successful Search, 0 , Unsuccessful search, 1

------------------ Creation ------------------
Number of Items, 70000 , Size, 400 , Load Factor, 1.0 , Time, 949
------------------ Search ------------------
Number of Items, 70000 , Size, 400 , Load Factor, 1.0 , Time, 949 , Successful Search, 0 , Unsuccessful search, 0
Number of Items, 70000 , Size, 400 , Load Factor, 1.0 , Time, 949 , Successful Search, 0 , Unsuccessful search, 0
Number of Items, 70000 , Size, 400 , Load Factor, 1.0 , Time, 949 , Successful Search, 0 , Unsuccessful search, 0

------------------ Creation ------------------
Number of Items, 140000 , Size, 100 , Load Factor, 1.0 , Time, 131698
------------------ Search ------------------
Number of Items, 140000 , Size, 100 , Load Factor, 1.0 , Time, 131698 , Successful Search, 3 , Unsuccessful search, 4
Number of Items, 140000 , Size, 100 , Load Factor, 1.0 , Time, 131698 , Successful Search, 2 , Unsuccessful search, 2
Number of Items, 140000 , Size, 100 , Load Factor, 1.0 , Time, 131698 , Successful Search, 2 , Unsuccessful search, 2
^C prosperi  ~/Development/JavaProjects/DataStructures/Lab_08/Lab_08
  > java ExperimentController
^C prosperi  ~/Development/JavaProjects/DataStructures/Lab_08/Lab_08
  > java ExperimentController

------------------ Creation ------------------
Number of Items, 70000 , Size, 50 , Load Factor, 1.0 , Time, 82246
------------------ Search ------------------
Number of Items, 70000 , Size, 50 , Load Factor, 1.0 , Time, 82246 , Successful Search, 2 , Unsuccessful search, 2
Number of Items, 70000 , Size, 50 , Load Factor, 1.0 , Time, 82246 , Successful Search, 1 , Unsuccessful search, 2
Number of Items, 70000 , Size, 50 , Load Factor, 1.0 , Time, 82246 , Successful Search, 1 , Unsuccessful search, 2

------------------ Creation ------------------
Number of Items, 70000 , Size, 100 , Load Factor, 1.0 , Time, 20180
------------------ Search ------------------
Number of Items, 70000 , Size, 100 , Load Factor, 1.0 , Time, 20180 , Successful Search, 2 , Unsuccessful search, 2
Number of Items, 70000 , Size, 100 , Load Factor, 1.0 , Time, 20180 , Successful Search, 1 , Unsuccessful search, 1
Number of Items, 70000 , Size, 100 , Load Factor, 1.0 , Time, 20180 , Successful Search, 1 , Unsuccessful search, 1

------------------ Creation ------------------
Number of Items, 70000 , Size, 150 , Load Factor, 1.0 , Time, 8964
------------------ Search ------------------
Number of Items, 70000 , Size, 150 , Load Factor, 1.0 , Time, 8964 , Successful Search, 0 , Unsuccessful search, 1
Number of Items, 70000 , Size, 150 , Load Factor, 1.0 , Time, 8964 , Successful Search, 0 , Unsuccessful search, 1
Number of Items, 70000 , Size, 150 , Load Factor, 1.0 , Time, 8964 , Successful Search, 1 , Unsuccessful search, 0

------------------ Creation ------------------
Number of Items, 70000 , Size, 200 , Load Factor, 1.0 , Time, 3275
------------------ Search ------------------
Number of Items, 70000 , Size, 200 , Load Factor, 1.0 , Time, 3275 , Successful Search, 0 , Unsuccessful search, 0
Number of Items, 70000 , Size, 200 , Load Factor, 1.0 , Time, 3275 , Successful Search, 0 , Unsuccessful search, 1
Number of Items, 70000 , Size, 200 , Load Factor, 1.0 , Time, 3275 , Successful Search, 0 , Unsuccessful search, 0

------------------ Creation ------------------
Number of Items, 140000 , Size, 50 , Load Factor, 1.0 , Time, 697463
------------------ Search ------------------
Number of Items, 140000 , Size, 50 , Load Factor, 1.0 , Time, 697463 , Successful Search, 12 , Unsuccessful search, 13
Number of Items, 140000 , Size, 50 , Load Factor, 1.0 , Time, 697463 , Successful Search, 11 , Unsuccessful search, 10
Number of Items, 140000 , Size, 50 , Load Factor, 1.0 , Time, 697463 , Successful Search, 11 , Unsuccessful search, 13

------------------ Creation ------------------
Number of Items, 140000 , Size, 100 , Load Factor, 1.0 , Time, 124116
------------------ Search ------------------
Number of Items, 140000 , Size, 100 , Load Factor, 1.0 , Time, 124116 , Successful Search, 1 , Unsuccessful search, 2
Number of Items, 140000 , Size, 100 , Load Factor, 1.0 , Time, 124116 , Successful Search, 1 , Unsuccessful search, 2
Number of Items, 140000 , Size, 100 , Load Factor, 1.0 , Time, 124116 , Successful Search, 2 , Unsuccessful search, 2

------------------ Creation ------------------
Number of Items, 140000 , Size, 150 , Load Factor, 1.0 , Time, 41736
------------------ Search ------------------
Number of Items, 140000 , Size, 150 , Load Factor, 1.0 , Time, 41736 , Successful Search, 1 , Unsuccessful search, 1
Number of Items, 140000 , Size, 150 , Load Factor, 1.0 , Time, 41736 , Successful Search, 1 , Unsuccessful search, 0
Number of Items, 140000 , Size, 150 , Load Factor, 1.0 , Time, 41736 , Successful Search, 1 , Unsuccessful search, 1

------------------ Creation ------------------
Number of Items, 140000 , Size, 200 , Load Factor, 1.0 , Time, 19491
------------------ Search ------------------
Number of Items, 140000 , Size, 200 , Load Factor, 1.0 , Time, 19491 , Successful Search, 0 , Unsuccessful search, 1
Number of Items, 140000 , Size, 200 , Load Factor, 1.0 , Time, 19491 , Successful Search, 0 , Unsuccessful search, 0
Number of Items, 140000 , Size, 200 , Load Factor, 1.0 , Time, 19491 , Successful Search, 1 , Unsuccessful search, 0

------------------ Creation ------------------
Number of Items, 210000 , Size, 50 , Load Factor, 1.0 , Time, 2728510
------------------ Search ------------------
Number of Items, 210000 , Size, 50 , Load Factor, 1.0 , Time, 2728510 , Successful Search, 38 , Unsuccessful search, 27
Number of Items, 210000 , Size, 50 , Load Factor, 1.0 , Time, 2728510 , Successful Search, 22 , Unsuccessful search, 28
Number of Items, 210000 , Size, 50 , Load Factor, 1.0 , Time, 2728510 , Successful Search, 21 , Unsuccessful search, 32

------------------ Creation ------------------
Number of Items, 210000 , Size, 100 , Load Factor, 1.0 , Time, 536317
------------------ Search ------------------
Number of Items, 210000 , Size, 100 , Load Factor, 1.0 , Time, 536317 , Successful Search, 5 , Unsuccessful search, 6
Number of Items, 210000 , Size, 100 , Load Factor, 1.0 , Time, 536317 , Successful Search, 4 , Unsuccessful search, 6
Number of Items, 210000 , Size, 100 , Load Factor, 1.0 , Time, 536317 , Successful Search, 4 , Unsuccessful search, 5

------------------ Creation ------------------
Number of Items, 210000 , Size, 150 , Load Factor, 1.0 , Time, 187612
------------------ Search ------------------
Number of Items, 210000 , Size, 150 , Load Factor, 1.0 , Time, 187612 , Successful Search, 2 , Unsuccessful search, 2
Number of Items, 210000 , Size, 150 , Load Factor, 1.0 , Time, 187612 , Successful Search, 2 , Unsuccessful search, 2
Number of Items, 210000 , Size, 150 , Load Factor, 1.0 , Time, 187612 , Successful Search, 2 , Unsuccessful search, 3

------------------ Creation ------------------
Number of Items, 210000 , Size, 200 , Load Factor, 1.0 , Time, 95352
------------------ Search ------------------
Number of Items, 210000 , Size, 200 , Load Factor, 1.0 , Time, 95352 , Successful Search, 1 , Unsuccessful search, 1
Number of Items, 210000 , Size, 200 , Load Factor, 1.0 , Time, 95352 , Successful Search, 1 , Unsuccessful search, 1
Number of Items, 210000 , Size, 200 , Load Factor, 1.0 , Time, 95352 , Successful Search, 1 , Unsuccessful search, 1

------------------ Creation ------------------
Number of Items: 70 | Size: 50 | Load Factor: 0.8 | Time: 1
------------------ Search ------------------
Number of Items: 70 | Size: 50 | Load Factor: 0.8 | Time: 1 | Successful Search: 0 | Unsuccessful search: 0
Number of Items: 70 | Size: 50 | Load Factor: 0.8 | Time: 1 | Successful Search: 0 | Unsuccessful search: 0
Number of Items: 70 | Size: 50 | Load Factor: 0.8 | Time: 1 | Successful Search: 0 | Unsuccessful search: 0

------------------ Creation ------------------
Number of Items: 70 | Size: 100 | Load Factor: 0.49 | Time: 0
------------------ Search ------------------
Number of Items: 70 | Size: 100 | Load Factor: 0.49 | Time: 0 | Successful Search: 0 | Unsuccessful search: 0
Number of Items: 70 | Size: 100 | Load Factor: 0.49 | Time: 0 | Successful Search: 0 | Unsuccessful search: 0
Number of Items: 70 | Size: 100 | Load Factor: 0.49 | Time: 0 | Successful Search: 0 | Unsuccessful search: 0

------------------ Creation ------------------
Number of Items: 70 | Size: 150 | Load Factor: 0.36666666666666664 | Time: 0
------------------ Search ------------------
Number of Items: 70 | Size: 150 | Load Factor: 0.36666666666666664 | Time: 0 | Successful Search: 0 | Unsuccessful search: 0
Number of Items: 70 | Size: 150 | Load Factor: 0.36666666666666664 | Time: 0 | Successful Search: 0 | Unsuccessful search: 0
Number of Items: 70 | Size: 150 | Load Factor: 0.36666666666666664 | Time: 0 | Successful Search: 0 | Unsuccessful search: 0

------------------ Creation ------------------
Number of Items: 70 | Size: 200 | Load Factor: 0.285 | Time: 0
------------------ Search ------------------
Number of Items: 70 | Size: 200 | Load Factor: 0.285 | Time: 0 | Successful Search: 0 | Unsuccessful search: 0
Number of Items: 70 | Size: 200 | Load Factor: 0.285 | Time: 0 | Successful Search: 0 | Unsuccessful search: 0
Number of Items: 70 | Size: 200 | Load Factor: 0.285 | Time: 0 | Successful Search: 0 | Unsuccessful search: 0

------------------ Creation ------------------
Number of Items: 140 | Size: 50 | Load Factor: 0.96 | Time: 1
------------------ Search ------------------
Number of Items: 140 | Size: 50 | Load Factor: 0.96 | Time: 1 | Successful Search: 0 | Unsuccessful search: 0
Number of Items: 140 | Size: 50 | Load Factor: 0.96 | Time: 1 | Successful Search: 0 | Unsuccessful search: 0
Number of Items: 140 | Size: 50 | Load Factor: 0.96 | Time: 1 | Successful Search: 0 | Unsuccessful search: 0

------------------ Creation ------------------
Number of Items: 140 | Size: 100 | Load Factor: 0.76 | Time: 1
------------------ Search ------------------
Number of Items: 140 | Size: 100 | Load Factor: 0.76 | Time: 1 | Successful Search: 0 | Unsuccessful search: 0
Number of Items: 140 | Size: 100 | Load Factor: 0.76 | Time: 1 | Successful Search: 0 | Unsuccessful search: 0
Number of Items: 140 | Size: 100 | Load Factor: 0.76 | Time: 1 | Successful Search: 0 | Unsuccessful search: 0

------------------ Creation ------------------
Number of Items: 140 | Size: 150 | Load Factor: 0.6 | Time: 1
------------------ Search ------------------
Number of Items: 140 | Size: 150 | Load Factor: 0.6 | Time: 1 | Successful Search: 0 | Unsuccessful search: 0
Number of Items: 140 | Size: 150 | Load Factor: 0.6 | Time: 1 | Successful Search: 0 | Unsuccessful search: 0
Number of Items: 140 | Size: 150 | Load Factor: 0.6 | Time: 1 | Successful Search: 0 | Unsuccessful search: 0

------------------ Creation ------------------
Number of Items: 140 | Size: 200 | Load Factor: 0.5 | Time: 0
------------------ Search ------------------
Number of Items: 140 | Size: 200 | Load Factor: 0.5 | Time: 0 | Successful Search: 0 | Unsuccessful search: 0
Number of Items: 140 | Size: 200 | Load Factor: 0.5 | Time: 0 | Successful Search: 0 | Unsuccessful search: 0
Number of Items: 140 | Size: 200 | Load Factor: 0.5 | Time: 0 | Successful Search: 0 | Unsuccessful search: 0

------------------ Creation ------------------
Number of Items: 210 | Size: 50 | Load Factor: 0.98 | Time: 0
------------------ Search ------------------
Number of Items: 210 | Size: 50 | Load Factor: 0.98 | Time: 0 | Successful Search: 0 | Unsuccessful search: 0
Number of Items: 210 | Size: 50 | Load Factor: 0.98 | Time: 0 | Successful Search: 0 | Unsuccessful search: 0
Number of Items: 210 | Size: 50 | Load Factor: 0.98 | Time: 0 | Successful Search: 0 | Unsuccessful search: 0

------------------ Creation ------------------
Number of Items: 210 | Size: 100 | Load Factor: 0.87 | Time: 1
------------------ Search ------------------
Number of Items: 210 | Size: 100 | Load Factor: 0.87 | Time: 1 | Successful Search: 0 | Unsuccessful search: 0
Number of Items: 210 | Size: 100 | Load Factor: 0.87 | Time: 1 | Successful Search: 0 | Unsuccessful search: 0
Number of Items: 210 | Size: 100 | Load Factor: 0.87 | Time: 1 | Successful Search: 0 | Unsuccessful search: 0

------------------ Creation ------------------
Number of Items: 210 | Size: 150 | Load Factor: 0.7533333333333333 | Time: 1
------------------ Search ------------------
Number of Items: 210 | Size: 150 | Load Factor: 0.7533333333333333 | Time: 1 | Successful Search: 0 | Unsuccessful search: 0
Number of Items: 210 | Size: 150 | Load Factor: 0.7533333333333333 | Time: 1 | Successful Search: 0 | Unsuccessful search: 0
Number of Items: 210 | Size: 150 | Load Factor: 0.7533333333333333 | Time: 1 | Successful Search: 0 | Unsuccessful search: 0

------------------ Creation ------------------
Number of Items: 210 | Size: 200 | Load Factor: 0.6 | Time: 1
------------------ Search ------------------
Number of Items: 210 | Size: 200 | Load Factor: 0.6 | Time: 1 | Successful Search: 0 | Unsuccessful search: 0
Number of Items: 210 | Size: 200 | Load Factor: 0.6 | Time: 1 | Successful Search: 0 | Unsuccessful search: 0
Number of Items: 210 | Size: 200 | Load Factor: 0.6 | Time: 1 | Successful Search: 0 | Unsuccessful search: 0

------------------ Creation ------------------
Number of Items: 280 | Size: 50 | Load Factor: 1.0 | Time: 0
------------------ Search ------------------
Number of Items: 280 | Size: 50 | Load Factor: 1.0 | Time: 0 | Successful Search: 0 | Unsuccessful search: 0
Number of Items: 280 | Size: 50 | Load Factor: 1.0 | Time: 0 | Successful Search: 0 | Unsuccessful search: 0
Number of Items: 280 | Size: 50 | Load Factor: 1.0 | Time: 0 | Successful Search: 0 | Unsuccessful search: 0

------------------ Creation ------------------
Number of Items: 280 | Size: 100 | Load Factor: 0.96 | Time: 0
------------------ Search ------------------
Number of Items: 280 | Size: 100 | Load Factor: 0.96 | Time: 0 | Successful Search: 0 | Unsuccessful search: 0
Number of Items: 280 | Size: 100 | Load Factor: 0.96 | Time: 0 | Successful Search: 0 | Unsuccessful search: 0
Number of Items: 280 | Size: 100 | Load Factor: 0.96 | Time: 0 | Successful Search: 0 | Unsuccessful search: 0

------------------ Creation ------------------
Number of Items: 280 | Size: 150 | Load Factor: 0.8066666666666666 | Time: 0
------------------ Search ------------------
Number of Items: 280 | Size: 150 | Load Factor: 0.8066666666666666 | Time: 0 | Successful Search: 0 | Unsuccessful search: 0
Number of Items: 280 | Size: 150 | Load Factor: 0.8066666666666666 | Time: 0 | Successful Search: 0 | Unsuccessful search: 0
Number of Items: 280 | Size: 150 | Load Factor: 0.8066666666666666 | Time: 0 | Successful Search: 0 | Unsuccessful search: 0

------------------ Creation ------------------
Number of Items: 280 | Size: 200 | Load Factor: 0.73 | Time: 0
------------------ Search ------------------
Number of Items: 280 | Size: 200 | Load Factor: 0.73 | Time: 0 | Successful Search: 0 | Unsuccessful search: 0
Number of Items: 280 | Size: 200 | Load Factor: 0.73 | Time: 0 | Successful Search: 0 | Unsuccessful search: 0
Number of Items: 280 | Size: 200 | Load Factor: 0.73 | Time: 0 | Successful Search: 0 | Unsuccessful search: 0

------------------ Creation ------------------
Number of Items: 10 | Size: 5 | Load Factor: 0.8 | Time: 1
------------------ Search ------------------
Number of Items: 10 | Size: 5 | Load Factor: 0.8 | Time: 1 | Successful Search: 0 | Unsuccessful search: 0
Number of Items: 10 | Size: 5 | Load Factor: 0.8 | Time: 1 | Successful Search: 0 | Unsuccessful search: 0
Number of Items: 10 | Size: 5 | Load Factor: 0.8 | Time: 1 | Successful Search: 0 | Unsuccessful search: 0

------------------ Creation ------------------
Number of Items: 10 | Size: 55 | Load Factor: 0.16363636363636364 | Time: 0
------------------ Search ------------------
Number of Items: 10 | Size: 55 | Load Factor: 0.16363636363636364 | Time: 0 | Successful Search: 0 | Unsuccessful search: 0
Number of Items: 10 | Size: 55 | Load Factor: 0.16363636363636364 | Time: 0 | Successful Search: 0 | Unsuccessful search: 0
Number of Items: 10 | Size: 55 | Load Factor: 0.16363636363636364 | Time: 0 | Successful Search: 0 | Unsuccessful search: 0

------------------ Creation ------------------
Number of Items: 10 | Size: 105 | Load Factor: 0.09523809523809523 | Time: 0
------------------ Search ------------------
Number of Items: 10 | Size: 105 | Load Factor: 0.09523809523809523 | Time: 0 | Successful Search: 0 | Unsuccessful search: 0
Number of Items: 10 | Size: 105 | Load Factor: 0.09523809523809523 | Time: 0 | Successful Search: 0 | Unsuccessful search: 0
Number of Items: 10 | Size: 105 | Load Factor: 0.09523809523809523 | Time: 0 | Successful Search: 0 | Unsuccessful search: 0

------------------ Creation ------------------
Number of Items: 10 | Size: 155 | Load Factor: 0.06451612903225806 | Time: 0
------------------ Search ------------------
Number of Items: 10 | Size: 155 | Load Factor: 0.06451612903225806 | Time: 0 | Successful Search: 0 | Unsuccessful search: 0
Number of Items: 10 | Size: 155 | Load Factor: 0.06451612903225806 | Time: 0 | Successful Search: 0 | Unsuccessful search: 0
Number of Items: 10 | Size: 155 | Load Factor: 0.06451612903225806 | Time: 0 | Successful Search: -1 | Unsuccessful search: 0

------------------ Creation ------------------
Number of Items: 20 | Size: 5 | Load Factor: 1.0 | Time: 1
------------------ Search ------------------
Number of Items: 20 | Size: 5 | Load Factor: 1.0 | Time: 1 | Successful Search: 0 | Unsuccessful search: 0
Number of Items: 20 | Size: 5 | Load Factor: 1.0 | Time: 1 | Successful Search: 0 | Unsuccessful search: 0
Number of Items: 20 | Size: 5 | Load Factor: 1.0 | Time: 1 | Successful Search: 0 | Unsuccessful search: 0

------------------ Creation ------------------
Number of Items: 20 | Size: 55 | Load Factor: 0.3090909090909091 | Time: 0
------------------ Search ------------------
Number of Items: 20 | Size: 55 | Load Factor: 0.3090909090909091 | Time: 0 | Successful Search: 0 | Unsuccessful search: 0
Number of Items: 20 | Size: 55 | Load Factor: 0.3090909090909091 | Time: 0 | Successful Search: 0 | Unsuccessful search: 0
Number of Items: 20 | Size: 55 | Load Factor: 0.3090909090909091 | Time: 0 | Successful Search: 0 | Unsuccessful search: 0

------------------ Creation ------------------
Number of Items: 20 | Size: 105 | Load Factor: 0.1619047619047619 | Time: 0
------------------ Search ------------------
Number of Items: 20 | Size: 105 | Load Factor: 0.1619047619047619 | Time: 0 | Successful Search: 0 | Unsuccessful search: 0
Number of Items: 20 | Size: 105 | Load Factor: 0.1619047619047619 | Time: 0 | Successful Search: 0 | Unsuccessful search: 0
Number of Items: 20 | Size: 105 | Load Factor: 0.1619047619047619 | Time: 0 | Successful Search: 0 | Unsuccessful search: 0

------------------ Creation ------------------
Number of Items: 20 | Size: 155 | Load Factor: 0.10967741935483871 | Time: 0
------------------ Search ------------------
Number of Items: 20 | Size: 155 | Load Factor: 0.10967741935483871 | Time: 0 | Successful Search: 0 | Unsuccessful search: 0
Number of Items: 20 | Size: 155 | Load Factor: 0.10967741935483871 | Time: 0 | Successful Search: 0 | Unsuccessful search: 0
Number of Items: 20 | Size: 155 | Load Factor: 0.10967741935483871 | Time: 0 | Successful Search: 0 | Unsuccessful search: 0

------------------ Creation ------------------
Number of Items: 30 | Size: 5 | Load Factor: 1.0 | Time: 0
------------------ Search ------------------
Number of Items: 30 | Size: 5 | Load Factor: 1.0 | Time: 0 | Successful Search: 0 | Unsuccessful search: 0
Number of Items: 30 | Size: 5 | Load Factor: 1.0 | Time: 0 | Successful Search: 0 | Unsuccessful search: 0
Number of Items: 30 | Size: 5 | Load Factor: 1.0 | Time: 0 | Successful Search: 0 | Unsuccessful search: 0

------------------ Creation ------------------
Number of Items: 30 | Size: 55 | Load Factor: 0.4 | Time: 0
------------------ Search ------------------
Number of Items: 30 | Size: 55 | Load Factor: 0.4 | Time: 0 | Successful Search: 0 | Unsuccessful search: 0
Number of Items: 30 | Size: 55 | Load Factor: 0.4 | Time: 0 | Successful Search: 0 | Unsuccessful search: 0
Number of Items: 30 | Size: 55 | Load Factor: 0.4 | Time: 0 | Successful Search: 0 | Unsuccessful search: 0

------------------ Creation ------------------
Number of Items: 30 | Size: 105 | Load Factor: 0.26666666666666666 | Time: 0
------------------ Search ------------------
Number of Items: 30 | Size: 105 | Load Factor: 0.26666666666666666 | Time: 0 | Successful Search: 0 | Unsuccessful search: 0
Number of Items: 30 | Size: 105 | Load Factor: 0.26666666666666666 | Time: 0 | Successful Search: 0 | Unsuccessful search: 0
Number of Items: 30 | Size: 105 | Load Factor: 0.26666666666666666 | Time: 0 | Successful Search: 0 | Unsuccessful search: 0

------------------ Creation ------------------
Number of Items: 30 | Size: 155 | Load Factor: 0.17419354838709677 | Time: 0
------------------ Search ------------------
Number of Items: 30 | Size: 155 | Load Factor: 0.17419354838709677 | Time: 0 | Successful Search: 0 | Unsuccessful search: 0
Number of Items: 30 | Size: 155 | Load Factor: 0.17419354838709677 | Time: 0 | Successful Search: 0 | Unsuccessful search: 0
Number of Items: 30 | Size: 155 | Load Factor: 0.17419354838709677 | Time: 0 | Successful Search: 0 | Unsuccessful search: 0

------------------ Creation ------------------
Number of Items: 40 | Size: 5 | Load Factor: 1.0 | Time: 1
------------------ Search ------------------
Number of Items: 40 | Size: 5 | Load Factor: 1.0 | Time: 1 | Successful Search: 0 | Unsuccessful search: 0
Number of Items: 40 | Size: 5 | Load Factor: 1.0 | Time: 1 | Successful Search: 0 | Unsuccessful search: 0
Number of Items: 40 | Size: 5 | Load Factor: 1.0 | Time: 1 | Successful Search: 0 | Unsuccessful search: 0

------------------ Creation ------------------
Number of Items: 40 | Size: 55 | Load Factor: 0.509090909090909 | Time: 1
------------------ Search ------------------
Number of Items: 40 | Size: 55 | Load Factor: 0.509090909090909 | Time: 1 | Successful Search: 0 | Unsuccessful search: 0
Number of Items: 40 | Size: 55 | Load Factor: 0.509090909090909 | Time: 1 | Successful Search: 0 | Unsuccessful search: 0
Number of Items: 40 | Size: 55 | Load Factor: 0.509090909090909 | Time: 1 | Successful Search: 0 | Unsuccessful search: 0

------------------ Creation ------------------
Number of Items: 40 | Size: 105 | Load Factor: 0.3238095238095238 | Time: 0
------------------ Search ------------------
Number of Items: 40 | Size: 105 | Load Factor: 0.3238095238095238 | Time: 0 | Successful Search: 0 | Unsuccessful search: 0
Number of Items: 40 | Size: 105 | Load Factor: 0.3238095238095238 | Time: 0 | Successful Search: 0 | Unsuccessful search: 0
Number of Items: 40 | Size: 105 | Load Factor: 0.3238095238095238 | Time: 0 | Successful Search: 0 | Unsuccessful search: 0

------------------ Creation ------------------
Number of Items: 40 | Size: 155 | Load Factor: 0.2129032258064516 | Time: 0
------------------ Search ------------------
Number of Items: 40 | Size: 155 | Load Factor: 0.2129032258064516 | Time: 0 | Successful Search: 0 | Unsuccessful search: 0
Number of Items: 40 | Size: 155 | Load Factor: 0.2129032258064516 | Time: 0 | Successful Search: 0 | Unsuccessful search: 0
Number of Items: 40 | Size: 155 | Load Factor: 0.2129032258064516 | Time: 0 | Successful Search: 0 | Unsuccessful search: 0

------------------ Creation ------------------
Number of Items: 1000 | Size: 500 | Load Factor: 0.868 | Time: 8
------------------ Search ------------------
Number of Items: 1000 | Size: 500 | Load Factor: 0.868 | Time: 8 | Successful Search: 0 | Unsuccessful search: 0
Number of Items: 1000 | Size: 500 | Load Factor: 0.868 | Time: 8 | Successful Search: 0 | Unsuccessful search: 0
Number of Items: 1000 | Size: 500 | Load Factor: 0.868 | Time: 8 | Successful Search: 0 | Unsuccessful search: 0

------------------ Creation ------------------
Number of Items: 1000 | Size: 550 | Load Factor: 0.8363636363636363 | Time: 1
------------------ Search ------------------
Number of Items: 1000 | Size: 550 | Load Factor: 0.8363636363636363 | Time: 1 | Successful Search: 0 | Unsuccessful search: 0
Number of Items: 1000 | Size: 550 | Load Factor: 0.8363636363636363 | Time: 1 | Successful Search: 0 | Unsuccessful search: 0
Number of Items: 1000 | Size: 550 | Load Factor: 0.8363636363636363 | Time: 1 | Successful Search: 0 | Unsuccessful search: 0

------------------ Creation ------------------
Number of Items: 1000 | Size: 600 | Load Factor: 0.805 | Time: 1
------------------ Search ------------------
Number of Items: 1000 | Size: 600 | Load Factor: 0.805 | Time: 1 | Successful Search: 0 | Unsuccessful search: 0
Number of Items: 1000 | Size: 600 | Load Factor: 0.805 | Time: 1 | Successful Search: 0 | Unsuccessful search: 0
Number of Items: 1000 | Size: 600 | Load Factor: 0.805 | Time: 1 | Successful Search: 0 | Unsuccessful search: 0

------------------ Creation ------------------
Number of Items: 1000 | Size: 650 | Load Factor: 0.8 | Time: 1
------------------ Search ------------------
Number of Items: 1000 | Size: 650 | Load Factor: 0.8 | Time: 1 | Successful Search: 0 | Unsuccessful search: 0
Number of Items: 1000 | Size: 650 | Load Factor: 0.8 | Time: 1 | Successful Search: 0 | Unsuccessful search: 0
Number of Items: 1000 | Size: 650 | Load Factor: 0.8 | Time: 1 | Successful Search: 0 | Unsuccessful search: 0

------------------ Creation ------------------
Number of Items: 2000 | Size: 500 | Load Factor: 0.992 | Time: 2
------------------ Search ------------------
Number of Items: 2000 | Size: 500 | Load Factor: 0.992 | Time: 2 | Successful Search: 0 | Unsuccessful search: 0
Number of Items: 2000 | Size: 500 | Load Factor: 0.992 | Time: 2 | Successful Search: 0 | Unsuccessful search: 0
Number of Items: 2000 | Size: 500 | Load Factor: 0.992 | Time: 2 | Successful Search: 0 | Unsuccessful search: 0

------------------ Creation ------------------
Number of Items: 2000 | Size: 550 | Load Factor: 0.9763636363636363 | Time: 1
------------------ Search ------------------
Number of Items: 2000 | Size: 550 | Load Factor: 0.9763636363636363 | Time: 1 | Successful Search: 0 | Unsuccessful search: 0
Number of Items: 2000 | Size: 550 | Load Factor: 0.9763636363636363 | Time: 1 | Successful Search: 0 | Unsuccessful search: 0
Number of Items: 2000 | Size: 550 | Load Factor: 0.9763636363636363 | Time: 1 | Successful Search: 0 | Unsuccessful search: 0

------------------ Creation ------------------
Number of Items: 2000 | Size: 600 | Load Factor: 0.9683333333333334 | Time: 4
------------------ Search ------------------
Number of Items: 2000 | Size: 600 | Load Factor: 0.9683333333333334 | Time: 4 | Successful Search: 0 | Unsuccessful search: 0
Number of Items: 2000 | Size: 600 | Load Factor: 0.9683333333333334 | Time: 4 | Successful Search: 0 | Unsuccessful search: 0
Number of Items: 2000 | Size: 600 | Load Factor: 0.9683333333333334 | Time: 4 | Successful Search: 0 | Unsuccessful search: 0

------------------ Creation ------------------
Number of Items: 2000 | Size: 650 | Load Factor: 0.9446153846153846 | Time: 2
------------------ Search ------------------
Number of Items: 2000 | Size: 650 | Load Factor: 0.9446153846153846 | Time: 2 | Successful Search: 0 | Unsuccessful search: 0
Number of Items: 2000 | Size: 650 | Load Factor: 0.9446153846153846 | Time: 2 | Successful Search: 0 | Unsuccessful search: 0
Number of Items: 2000 | Size: 650 | Load Factor: 0.9446153846153846 | Time: 2 | Successful Search: 0 | Unsuccessful search: 0

------------------ Creation ------------------
Number of Items: 3000 | Size: 500 | Load Factor: 0.998 | Time: 4
------------------ Search ------------------
Number of Items: 3000 | Size: 500 | Load Factor: 0.998 | Time: 4 | Successful Search: 0 | Unsuccessful search: 0
Number of Items: 3000 | Size: 500 | Load Factor: 0.998 | Time: 4 | Successful Search: 0 | Unsuccessful search: 0
Number of Items: 3000 | Size: 500 | Load Factor: 0.998 | Time: 4 | Successful Search: 0 | Unsuccessful search: 0

------------------ Creation ------------------
Number of Items: 3000 | Size: 550 | Load Factor: 0.9981818181818182 | Time: 8
------------------ Search ------------------
Number of Items: 3000 | Size: 550 | Load Factor: 0.9981818181818182 | Time: 8 | Successful Search: 0 | Unsuccessful search: 0
Number of Items: 3000 | Size: 550 | Load Factor: 0.9981818181818182 | Time: 8 | Successful Search: 0 | Unsuccessful search: 0
Number of Items: 3000 | Size: 550 | Load Factor: 0.9981818181818182 | Time: 8 | Successful Search: 0 | Unsuccessful search: 0

------------------ Creation ------------------
Number of Items: 3000 | Size: 600 | Load Factor: 0.9933333333333333 | Time: 3
------------------ Search ------------------
Number of Items: 3000 | Size: 600 | Load Factor: 0.9933333333333333 | Time: 3 | Successful Search: 0 | Unsuccessful search: 0
Number of Items: 3000 | Size: 600 | Load Factor: 0.9933333333333333 | Time: 3 | Successful Search: 0 | Unsuccessful search: 0
Number of Items: 3000 | Size: 600 | Load Factor: 0.9933333333333333 | Time: 3 | Successful Search: 0 | Unsuccessful search: 0

------------------ Creation ------------------
Number of Items: 3000 | Size: 650 | Load Factor: 0.9907692307692307 | Time: 3
------------------ Search ------------------
Number of Items: 3000 | Size: 650 | Load Factor: 0.9907692307692307 | Time: 3 | Successful Search: 0 | Unsuccessful search: 0
Number of Items: 3000 | Size: 650 | Load Factor: 0.9907692307692307 | Time: 3 | Successful Search: 0 | Unsuccessful search: 0
Number of Items: 3000 | Size: 650 | Load Factor: 0.9907692307692307 | Time: 3 | Successful Search: 0 | Unsuccessful search: 0

------------------ Creation ------------------
Number of Items: 4000 | Size: 500 | Load Factor: 1.0 | Time: 3
------------------ Search ------------------
Number of Items: 4000 | Size: 500 | Load Factor: 1.0 | Time: 3 | Successful Search: 1 | Unsuccessful search: 0
Number of Items: 4000 | Size: 500 | Load Factor: 1.0 | Time: 3 | Successful Search: 0 | Unsuccessful search: 0
Number of Items: 4000 | Size: 500 | Load Factor: 1.0 | Time: 3 | Successful Search: 0 | Unsuccessful search: 0

------------------ Creation ------------------
Number of Items: 4000 | Size: 550 | Load Factor: 0.9981818181818182 | Time: 3
------------------ Search ------------------
Number of Items: 4000 | Size: 550 | Load Factor: 0.9981818181818182 | Time: 3 | Successful Search: 0 | Unsuccessful search: 0
Number of Items: 4000 | Size: 550 | Load Factor: 0.9981818181818182 | Time: 3 | Successful Search: 0 | Unsuccessful search: 0
Number of Items: 4000 | Size: 550 | Load Factor: 0.9981818181818182 | Time: 3 | Successful Search: 0 | Unsuccessful search: 0

------------------ Creation ------------------
Number of Items: 4000 | Size: 600 | Load Factor: 0.9983333333333333 | Time: 4
------------------ Search ------------------
Number of Items: 4000 | Size: 600 | Load Factor: 0.9983333333333333 | Time: 4 | Successful Search: 0 | Unsuccessful search: 0
Number of Items: 4000 | Size: 600 | Load Factor: 0.9983333333333333 | Time: 4 | Successful Search: 0 | Unsuccessful search: 0
Number of Items: 4000 | Size: 600 | Load Factor: 0.9983333333333333 | Time: 4 | Successful Search: 0 | Unsuccessful search: 0

------------------ Creation ------------------
Number of Items: 4000 | Size: 650 | Load Factor: 1.0 | Time: 4
------------------ Search ------------------
Number of Items: 4000 | Size: 650 | Load Factor: 1.0 | Time: 4 | Successful Search: 0 | Unsuccessful search: 0
Number of Items: 4000 | Size: 650 | Load Factor: 1.0 | Time: 4 | Successful Search: 0 | Unsuccessful search: 0
Number of Items: 4000 | Size: 650 | Load Factor: 1.0 | Time: 4 | Successful Search: 0 | Unsuccessful search: 0

------------------ Creation ------------------
Number of Items: 10 | Size: 5 | Load Factor: 0.8 | Time: 1
------------------ Search ------------------
Number of Items: 10 | Size: 5 | Load Factor: 0.8 | Time: 1 | Successful Search: 0 | Unsuccessful search: 0
Number of Items: 10 | Size: 5 | Load Factor: 0.8 | Time: 1 | Successful Search: 0 | Unsuccessful search: 0
Number of Items: 10 | Size: 5 | Load Factor: 0.8 | Time: 1 | Successful Search: 0 | Unsuccessful search: 1

------------------ Creation ------------------
Number of Items: 10 | Size: 55 | Load Factor: 0.16363636363636364 | Time: 0
------------------ Search ------------------
Number of Items: 10 | Size: 55 | Load Factor: 0.16363636363636364 | Time: 0 | Successful Search: 0 | Unsuccessful search: 0
Number of Items: 10 | Size: 55 | Load Factor: 0.16363636363636364 | Time: 0 | Successful Search: 0 | Unsuccessful search: 0
Number of Items: 10 | Size: 55 | Load Factor: 0.16363636363636364 | Time: 0 | Successful Search: 0 | Unsuccessful search: 0

------------------ Creation ------------------
Number of Items: 10 | Size: 105 | Load Factor: 0.09523809523809523 | Time: 0
------------------ Search ------------------
Number of Items: 10 | Size: 105 | Load Factor: 0.09523809523809523 | Time: 0 | Successful Search: 0 | Unsuccessful search: 0
Number of Items: 10 | Size: 105 | Load Factor: 0.09523809523809523 | Time: 0 | Successful Search: 0 | Unsuccessful search: 0
Number of Items: 10 | Size: 105 | Load Factor: 0.09523809523809523 | Time: 0 | Successful Search: 0 | Unsuccessful search: 0

------------------ Creation ------------------
Number of Items: 10 | Size: 155 | Load Factor: 0.06451612903225806 | Time: 0
------------------ Search ------------------
Number of Items: 10 | Size: 155 | Load Factor: 0.06451612903225806 | Time: 0 | Successful Search: 0 | Unsuccessful search: 0
Number of Items: 10 | Size: 155 | Load Factor: 0.06451612903225806 | Time: 0 | Successful Search: 0 | Unsuccessful search: 0
Number of Items: 10 | Size: 155 | Load Factor: 0.06451612903225806 | Time: 0 | Successful Search: -1 | Unsuccessful search: 0

------------------ Creation ------------------
Number of Items: 20 | Size: 5 | Load Factor: 1.0 | Time: 1
------------------ Search ------------------
Number of Items: 20 | Size: 5 | Load Factor: 1.0 | Time: 1 | Successful Search: 0 | Unsuccessful search: 0
Number of Items: 20 | Size: 5 | Load Factor: 1.0 | Time: 1 | Successful Search: 0 | Unsuccessful search: 0
Number of Items: 20 | Size: 5 | Load Factor: 1.0 | Time: 1 | Successful Search: 0 | Unsuccessful search: 0

------------------ Creation ------------------
Number of Items: 20 | Size: 55 | Load Factor: 0.3090909090909091 | Time: 1
------------------ Search ------------------
Number of Items: 20 | Size: 55 | Load Factor: 0.3090909090909091 | Time: 1 | Successful Search: 0 | Unsuccessful search: 0
Number of Items: 20 | Size: 55 | Load Factor: 0.3090909090909091 | Time: 1 | Successful Search: 0 | Unsuccessful search: 0
Number of Items: 20 | Size: 55 | Load Factor: 0.3090909090909091 | Time: 1 | Successful Search: 0 | Unsuccessful search: 0

------------------ Creation ------------------
Number of Items: 20 | Size: 105 | Load Factor: 0.1619047619047619 | Time: 0
------------------ Search ------------------
Number of Items: 20 | Size: 105 | Load Factor: 0.1619047619047619 | Time: 0 | Successful Search: 0 | Unsuccessful search: 0
Number of Items: 20 | Size: 105 | Load Factor: 0.1619047619047619 | Time: 0 | Successful Search: 0 | Unsuccessful search: 0
Number of Items: 20 | Size: 105 | Load Factor: 0.1619047619047619 | Time: 0 | Successful Search: 0 | Unsuccessful search: 0

------------------ Creation ------------------
Number of Items: 20 | Size: 155 | Load Factor: 0.10967741935483871 | Time: 0
------------------ Search ------------------
Number of Items: 20 | Size: 155 | Load Factor: 0.10967741935483871 | Time: 0 | Successful Search: 0 | Unsuccessful search: 0
Number of Items: 20 | Size: 155 | Load Factor: 0.10967741935483871 | Time: 0 | Successful Search: 0 | Unsuccessful search: 0
Number of Items: 20 | Size: 155 | Load Factor: 0.10967741935483871 | Time: 0 | Successful Search: 0 | Unsuccessful search: 0

------------------ Creation ------------------
Number of Items: 30 | Size: 5 | Load Factor: 1.0 | Time: 0
------------------ Search ------------------
Number of Items: 30 | Size: 5 | Load Factor: 1.0 | Time: 0 | Successful Search: 0 | Unsuccessful search: 0
Number of Items: 30 | Size: 5 | Load Factor: 1.0 | Time: 0 | Successful Search: 0 | Unsuccessful search: 0
Number of Items: 30 | Size: 5 | Load Factor: 1.0 | Time: 0 | Successful Search: 0 | Unsuccessful search: 0

------------------ Creation ------------------
Number of Items: 30 | Size: 55 | Load Factor: 0.4 | Time: 0
------------------ Search ------------------
Number of Items: 30 | Size: 55 | Load Factor: 0.4 | Time: 0 | Successful Search: 0 | Unsuccessful search: 0
Number of Items: 30 | Size: 55 | Load Factor: 0.4 | Time: 0 | Successful Search: 0 | Unsuccessful search: 0
Number of Items: 30 | Size: 55 | Load Factor: 0.4 | Time: 0 | Successful Search: 0 | Unsuccessful search: 0

------------------ Creation ------------------
Number of Items: 30 | Size: 105 | Load Factor: 0.26666666666666666 | Time: 0
------------------ Search ------------------
Number of Items: 30 | Size: 105 | Load Factor: 0.26666666666666666 | Time: 0 | Successful Search: 0 | Unsuccessful search: 0
Number of Items: 30 | Size: 105 | Load Factor: 0.26666666666666666 | Time: 0 | Successful Search: 0 | Unsuccessful search: 0
Number of Items: 30 | Size: 105 | Load Factor: 0.26666666666666666 | Time: 0 | Successful Search: 0 | Unsuccessful search: 0

------------------ Creation ------------------
Number of Items: 30 | Size: 155 | Load Factor: 0.17419354838709677 | Time: 0
------------------ Search ------------------
Number of Items: 30 | Size: 155 | Load Factor: 0.17419354838709677 | Time: 0 | Successful Search: 0 | Unsuccessful search: 0
Number of Items: 30 | Size: 155 | Load Factor: 0.17419354838709677 | Time: 0 | Successful Search: 0 | Unsuccessful search: 0
Number of Items: 30 | Size: 155 | Load Factor: 0.17419354838709677 | Time: 0 | Successful Search: 0 | Unsuccessful search: 0

------------------ Creation ------------------
Number of Items: 40 | Size: 5 | Load Factor: 1.0 | Time: 0
------------------ Search ------------------
Number of Items: 40 | Size: 5 | Load Factor: 1.0 | Time: 0 | Successful Search: 0 | Unsuccessful search: 0
Number of Items: 40 | Size: 5 | Load Factor: 1.0 | Time: 0 | Successful Search: 0 | Unsuccessful search: 0
Number of Items: 40 | Size: 5 | Load Factor: 1.0 | Time: 0 | Successful Search: 0 | Unsuccessful search: 0

------------------ Creation ------------------
Number of Items: 40 | Size: 55 | Load Factor: 0.509090909090909 | Time: 0
------------------ Search ------------------
Number of Items: 40 | Size: 55 | Load Factor: 0.509090909090909 | Time: 0 | Successful Search: 0 | Unsuccessful search: 0
Number of Items: 40 | Size: 55 | Load Factor: 0.509090909090909 | Time: 0 | Successful Search: 0 | Unsuccessful search: 0
Number of Items: 40 | Size: 55 | Load Factor: 0.509090909090909 | Time: 0 | Successful Search: 0 | Unsuccessful search: 0

------------------ Creation ------------------
Number of Items: 40 | Size: 105 | Load Factor: 0.3238095238095238 | Time: 0
------------------ Search ------------------
Number of Items: 40 | Size: 105 | Load Factor: 0.3238095238095238 | Time: 0 | Successful Search: 0 | Unsuccessful search: 0
Number of Items: 40 | Size: 105 | Load Factor: 0.3238095238095238 | Time: 0 | Successful Search: 0 | Unsuccessful search: 0
Number of Items: 40 | Size: 105 | Load Factor: 0.3238095238095238 | Time: 0 | Successful Search: 0 | Unsuccessful search: 0

------------------ Creation ------------------
Number of Items: 40 | Size: 155 | Load Factor: 0.2129032258064516 | Time: 0
------------------ Search ------------------
Number of Items: 40 | Size: 155 | Load Factor: 0.2129032258064516 | Time: 0 | Successful Search: 0 | Unsuccessful search: 0
Number of Items: 40 | Size: 155 | Load Factor: 0.2129032258064516 | Time: 0 | Successful Search: 0 | Unsuccessful search: 0
Number of Items: 40 | Size: 155 | Load Factor: 0.2129032258064516 | Time: 0 | Successful Search: 0 | Unsuccessful search: 0

------------------ Creation ------------------
Number of Items: 10 | Size: 5 | Load Factor: 0.8 | Time: 0
------------------ Search ------------------
Number of Items: 10 | Size: 5 | Load Factor: 0.8 | Time: 0 | Successful Search: 0 | Unsuccessful search: 0
Number of Items: 10 | Size: 5 | Load Factor: 0.8 | Time: 0 | Successful Search: 0 | Unsuccessful search: 0
Number of Items: 10 | Size: 5 | Load Factor: 0.8 | Time: 0 | Successful Search: 0 | Unsuccessful search: 0

------------------ Creation ------------------
Number of Items: 10 | Size: 55 | Load Factor: 0.16363636363636364 | Time: 0
------------------ Search ------------------
Number of Items: 10 | Size: 55 | Load Factor: 0.16363636363636364 | Time: 0 | Successful Search: 0 | Unsuccessful search: 0
Number of Items: 10 | Size: 55 | Load Factor: 0.16363636363636364 | Time: 0 | Successful Search: 0 | Unsuccessful search: 0
Number of Items: 10 | Size: 55 | Load Factor: 0.16363636363636364 | Time: 0 | Successful Search: 0 | Unsuccessful search: 0

------------------ Creation ------------------
Number of Items: 10 | Size: 105 | Load Factor: 0.09523809523809523 | Time: 0
------------------ Search ------------------
Number of Items: 10 | Size: 105 | Load Factor: 0.09523809523809523 | Time: 0 | Successful Search: 0 | Unsuccessful search: 0
Number of Items: 10 | Size: 105 | Load Factor: 0.09523809523809523 | Time: 0 | Successful Search: 0 | Unsuccessful search: 0
Number of Items: 10 | Size: 105 | Load Factor: 0.09523809523809523 | Time: 0 | Successful Search: 0 | Unsuccessful search: 0

------------------ Creation ------------------
Number of Items: 10 | Size: 155 | Load Factor: 0.06451612903225806 | Time: 0
------------------ Search ------------------
Number of Items: 10 | Size: 155 | Load Factor: 0.06451612903225806 | Time: 0 | Successful Search: 0 | Unsuccessful search: 0
Number of Items: 10 | Size: 155 | Load Factor: 0.06451612903225806 | Time: 0 | Successful Search: 0 | Unsuccessful search: 0
Number of Items: 10 | Size: 155 | Load Factor: 0.06451612903225806 | Time: 0 | Successful Search: -1 | Unsuccessful search: 0

------------------ Creation ------------------
Number of Items: 20 | Size: 5 | Load Factor: 1.0 | Time: 0
------------------ Search ------------------
Number of Items: 20 | Size: 5 | Load Factor: 1.0 | Time: 0 | Successful Search: 0 | Unsuccessful search: 0
Number of Items: 20 | Size: 5 | Load Factor: 1.0 | Time: 0 | Successful Search: 0 | Unsuccessful search: 0
Number of Items: 20 | Size: 5 | Load Factor: 1.0 | Time: 0 | Successful Search: 0 | Unsuccessful search: 0

------------------ Creation ------------------
Number of Items: 20 | Size: 55 | Load Factor: 0.3090909090909091 | Time: 0
------------------ Search ------------------
Number of Items: 20 | Size: 55 | Load Factor: 0.3090909090909091 | Time: 0 | Successful Search: 0 | Unsuccessful search: 0
Number of Items: 20 | Size: 55 | Load Factor: 0.3090909090909091 | Time: 0 | Successful Search: 0 | Unsuccessful search: 0
Number of Items: 20 | Size: 55 | Load Factor: 0.3090909090909091 | Time: 0 | Successful Search: 0 | Unsuccessful search: 0

------------------ Creation ------------------
Number of Items: 20 | Size: 105 | Load Factor: 0.1619047619047619 | Time: 0
------------------ Search ------------------
Number of Items: 20 | Size: 105 | Load Factor: 0.1619047619047619 | Time: 0 | Successful Search: 0 | Unsuccessful search: 0
Number of Items: 20 | Size: 105 | Load Factor: 0.1619047619047619 | Time: 0 | Successful Search: 0 | Unsuccessful search: 0
Number of Items: 20 | Size: 105 | Load Factor: 0.1619047619047619 | Time: 0 | Successful Search: 0 | Unsuccessful search: 0

------------------ Creation ------------------
Number of Items: 20 | Size: 155 | Load Factor: 0.10967741935483871 | Time: 0
------------------ Search ------------------
Number of Items: 20 | Size: 155 | Load Factor: 0.10967741935483871 | Time: 0 | Successful Search: 0 | Unsuccessful search: 0
Number of Items: 20 | Size: 155 | Load Factor: 0.10967741935483871 | Time: 0 | Successful Search: 0 | Unsuccessful search: 0
Number of Items: 20 | Size: 155 | Load Factor: 0.10967741935483871 | Time: 0 | Successful Search: 0 | Unsuccessful search: 0

------------------ Creation ------------------
Number of Items: 30 | Size: 5 | Load Factor: 1.0 | Time: 1
------------------ Search ------------------
Number of Items: 30 | Size: 5 | Load Factor: 1.0 | Time: 1 | Successful Search: 0 | Unsuccessful search: 0
Number of Items: 30 | Size: 5 | Load Factor: 1.0 | Time: 1 | Successful Search: 0 | Unsuccessful search: 0
Number of Items: 30 | Size: 5 | Load Factor: 1.0 | Time: 1 | Successful Search: 0 | Unsuccessful search: 0

------------------ Creation ------------------
Number of Items: 30 | Size: 55 | Load Factor: 0.4 | Time: 0
------------------ Search ------------------
Number of Items: 30 | Size: 55 | Load Factor: 0.4 | Time: 0 | Successful Search: 0 | Unsuccessful search: 0
Number of Items: 30 | Size: 55 | Load Factor: 0.4 | Time: 0 | Successful Search: 0 | Unsuccessful search: 0
Number of Items: 30 | Size: 55 | Load Factor: 0.4 | Time: 0 | Successful Search: 0 | Unsuccessful search: 0

------------------ Creation ------------------
Number of Items: 30 | Size: 105 | Load Factor: 0.26666666666666666 | Time: 0
------------------ Search ------------------
Number of Items: 30 | Size: 105 | Load Factor: 0.26666666666666666 | Time: 0 | Successful Search: 0 | Unsuccessful search: 0
Number of Items: 30 | Size: 105 | Load Factor: 0.26666666666666666 | Time: 0 | Successful Search: 0 | Unsuccessful search: 0
Number of Items: 30 | Size: 105 | Load Factor: 0.26666666666666666 | Time: 0 | Successful Search: 0 | Unsuccessful search: 0

------------------ Creation ------------------
Number of Items: 30 | Size: 155 | Load Factor: 0.17419354838709677 | Time: 0
------------------ Search ------------------
Number of Items: 30 | Size: 155 | Load Factor: 0.17419354838709677 | Time: 0 | Successful Search: 0 | Unsuccessful search: 0
Number of Items: 30 | Size: 155 | Load Factor: 0.17419354838709677 | Time: 0 | Successful Search: 0 | Unsuccessful search: 0
Number of Items: 30 | Size: 155 | Load Factor: 0.17419354838709677 | Time: 0 | Successful Search: 0 | Unsuccessful search: 0

------------------ Creation ------------------
Number of Items: 40 | Size: 5 | Load Factor: 1.0 | Time: 0
------------------ Search ------------------
Number of Items: 40 | Size: 5 | Load Factor: 1.0 | Time: 0 | Successful Search: 0 | Unsuccessful search: 0
Number of Items: 40 | Size: 5 | Load Factor: 1.0 | Time: 0 | Successful Search: 0 | Unsuccessful search: 0
Number of Items: 40 | Size: 5 | Load Factor: 1.0 | Time: 0 | Successful Search: 0 | Unsuccessful search: 0

------------------ Creation ------------------
Number of Items: 40 | Size: 55 | Load Factor: 0.509090909090909 | Time: 1
------------------ Search ------------------
Number of Items: 40 | Size: 55 | Load Factor: 0.509090909090909 | Time: 1 | Successful Search: 0 | Unsuccessful search: 0
Number of Items: 40 | Size: 55 | Load Factor: 0.509090909090909 | Time: 1 | Successful Search: 0 | Unsuccessful search: 0
Number of Items: 40 | Size: 55 | Load Factor: 0.509090909090909 | Time: 1 | Successful Search: 0 | Unsuccessful search: 0

------------------ Creation ------------------
Number of Items: 40 | Size: 105 | Load Factor: 0.3238095238095238 | Time: 0
------------------ Search ------------------
Number of Items: 40 | Size: 105 | Load Factor: 0.3238095238095238 | Time: 0 | Successful Search: 0 | Unsuccessful search: 0
Number of Items: 40 | Size: 105 | Load Factor: 0.3238095238095238 | Time: 0 | Successful Search: 0 | Unsuccessful search: 0
Number of Items: 40 | Size: 105 | Load Factor: 0.3238095238095238 | Time: 0 | Successful Search: 0 | Unsuccessful search: 0

------------------ Creation ------------------
Number of Items: 40 | Size: 155 | Load Factor: 0.2129032258064516 | Time: 0
------------------ Search ------------------
Number of Items: 40 | Size: 155 | Load Factor: 0.2129032258064516 | Time: 0 | Successful Search: 0 | Unsuccessful search: 0
Number of Items: 40 | Size: 155 | Load Factor: 0.2129032258064516 | Time: 0 | Successful Search: 0 | Unsuccessful search: 0
Number of Items: 40 | Size: 155 | Load Factor: 0.2129032258064516 | Time: 0 | Successful Search: 0 | Unsuccessful search: 0
